t,eps_ref  # digitised from DeBonis 2013 NASA/TM-2013-217850 Fig. 4(a), black ref. soln. curve
0.000000000000000000e+00,4.381939304219096805e-04
5.000000000000000278e-02,4.381939304219096805e-04
1.000000000000000056e-01,4.381939304219096805e-04
1.499999999999999944e-01,4.381939304219096805e-04
2.000000000000000111e-01,4.381939304219096805e-04
2.500000000000000000e-01,4.441154700222057529e-04
2.999999999999999889e-01,4.381939304219096805e-04
3.499999999999999778e-01,4.441154700222057529e-04
4.000000000000000222e-01,4.441154700222057529e-04
4.500000000000000111e-01,4.441154700222057529e-04
5.000000000000000000e-01,4.441154700222057529e-04
5.500000000000000444e-01,4.441154700222057529e-04
5.999999999999999778e-01,4.500370096225018795e-04
6.500000000000000222e-01,4.559585492227979518e-04
6.999999999999999556e-01,4.559585492227979518e-04
7.500000000000000000e-01,4.559585492227979518e-04
8.000000000000000444e-01,4.678016284233900966e-04
8.499999999999999778e-01,4.678016284233900966e-04
9.000000000000000222e-01,4.711769059955589196e-04
9.499999999999999556e-01,4.796447076239822413e-04
1.000000000000000000e+00,4.796447076239822413e-04
1.050000000000000044e+00,4.914877868245744403e-04
1.100000000000000089e+00,4.914877868245744403e-04
1.149999999999999911e+00,5.033308660251665850e-04
1.199999999999999956e+00,5.033308660251665850e-04
1.250000000000000000e+00,5.151739452257586213e-04
1.300000000000000044e+00,5.180754996299037499e-04
1.350000000000000089e+00,5.270170244263508745e-04
1.399999999999999911e+00,5.388601036269430192e-04
1.449999999999999956e+00,5.398667653589934784e-04
1.500000000000000000e+00,5.507031828275351639e-04
1.550000000000000044e+00,5.625462620281273087e-04
1.600000000000000089e+00,5.743893412287194534e-04
1.649999999999999911e+00,5.835381199111768901e-04
1.699999999999999956e+00,5.910880829015543580e-04
1.750000000000000000e+00,6.013323464100666423e-04
1.800000000000000044e+00,6.115766099185789267e-04
1.850000000000000089e+00,6.218208734270911026e-04
1.899999999999999911e+00,6.387564766839377460e-04
1.949999999999999956e+00,6.541524796447077076e-04
2.000000000000000000e+00,6.667653589933382474e-04
2.049999999999999822e+00,6.809770540340488645e-04
2.100000000000000089e+00,6.947742413027387489e-04
2.149999999999999911e+00,7.117394522575869274e-04
2.200000000000000178e+00,7.283493708364175518e-04
2.250000000000000000e+00,7.401924500370095882e-04
2.299999999999999822e+00,7.626350851221315712e-04
2.350000000000000089e+00,7.796002960769801834e-04
2.399999999999999911e+00,7.994078460399704203e-04
2.450000000000000178e+00,8.194522575869727212e-04
2.500000000000000000e+00,8.364174685418210081e-04
2.549999999999999822e+00,8.586232420429311439e-04
2.600000000000000089e+00,8.821909696521095098e-04
2.649999999999999911e+00,8.991561806069579051e-04
2.700000000000000178e+00,9.220429311621022644e-04
2.750000000000000000e+00,9.483345669874165482e-04
2.799999999999999822e+00,9.737379718726868385e-04
2.850000000000000089e+00,9.984307920059215871e-04
2.899999999999999911e+00,1.025433012583271738e-03
2.950000000000000178e+00,1.054034048852701749e-03
3.000000000000000000e+00,1.077128053293856420e-03
3.049999999999999822e+00,1.110466321243522942e-03
3.100000000000000089e+00,1.136935603256846762e-03
3.149999999999999911e+00,1.166484085862324162e-03
3.200000000000000178e+00,1.200414507772020953e-03
3.250000000000000000e+00,1.234344929681717527e-03
3.299999999999999822e+00,1.268275351591413450e-03
3.350000000000000089e+00,1.308127313101406421e-03
3.399999999999999911e+00,1.342057735011102778e-03
3.450000000000000178e+00,1.387831236121391931e-03
3.500000000000000000e+00,1.421761658031088071e-03
3.549999999999999822e+00,1.467535159141376356e-03
3.600000000000000089e+00,1.513308660251665725e-03
3.649999999999999911e+00,1.565003700962250407e-03
3.700000000000000178e+00,1.610836417468542196e-03
3.750000000000000000e+00,1.668393782383419772e-03
3.799999999999999822e+00,1.730392301998519376e-03
3.850000000000000089e+00,1.789548482605477680e-03
3.899999999999999911e+00,1.855869726128793386e-03
3.950000000000000178e+00,1.926513693560326498e-03
4.000000000000000000e+00,1.999111769059955506e-03
4.049999999999999822e+00,2.080000000000000251e-03
4.099999999999999645e+00,2.165625462620280207e-03
4.150000000000000355e+00,2.257172464840858511e-03
4.200000000000000178e+00,2.352627683197631644e-03
4.250000000000000000e+00,2.449296817172465224e-03
4.299999999999999822e+00,2.551887490747593249e-03
4.349999999999999645e+00,2.658889711324944043e-03
4.400000000000000355e+00,2.767490747594375348e-03
4.450000000000000178e+00,2.865669874167284508e-03
4.500000000000000000e+00,2.980903034789045801e-03
4.549999999999999822e+00,3.094448556624721652e-03
4.599999999999999645e+00,3.202960769800147593e-03
4.650000000000000355e+00,3.317394522575869715e-03
4.700000000000000178e+00,3.431828275351593138e-03
4.750000000000000000e+00,3.546262028127312657e-03
4.799999999999999822e+00,3.649089563286454264e-03
4.849999999999999645e+00,3.757927461139894381e-03
4.900000000000000355e+00,3.861317542561067215e-03
4.950000000000000178e+00,3.964707623982235279e-03
5.000000000000000000e+00,4.062176165803108030e-03
5.049999999999999822e+00,4.153723168023685901e-03
5.099999999999999645e+00,4.239348630643966290e-03
5.150000000000000355e+00,4.324974093264250148e-03
5.200000000000000178e+00,4.404914877868246204e-03
5.250000000000000000e+00,4.484381939304220299e-03
5.299999999999999822e+00,4.555914137675795561e-03
5.349999999999999645e+00,4.628660251665432136e-03
5.400000000000000355e+00,4.691398963730570443e-03
5.450000000000000178e+00,4.758371576609917754e-03
5.500000000000000000e+00,4.816876387860842719e-03
5.549999999999999822e+00,4.879526276831976962e-03
5.599999999999999645e+00,4.937142857142857826e-03
5.650000000000000355e+00,4.994759437453738689e-03
5.700000000000000178e+00,5.058297557364914432e-03
5.750000000000000000e+00,5.118726868985935818e-03
5.799999999999999822e+00,5.181465581051074992e-03
5.849999999999999645e+00,5.245418208734271143e-03
5.900000000000000355e+00,5.318786084381939630e-03
5.950000000000000178e+00,5.393367875647668563e-03
6.000000000000000000e+00,5.472686898593634441e-03
6.049999999999999822e+00,5.560296076980014539e-03
6.099999999999999645e+00,5.649859363434490966e-03
6.150000000000000355e+00,5.747327905255367186e-03
6.200000000000000178e+00,5.850717986676535684e-03
6.250000000000000000e+00,5.949666913397484540e-03
6.299999999999999822e+00,6.069282013323465223e-03
6.349999999999999645e+00,6.182857142857141851e-03
6.400000000000000355e+00,6.304071058475204346e-03
6.450000000000000178e+00,6.427890451517393258e-03
6.500000000000000000e+00,6.559289415247966486e-03
6.549999999999999822e+00,6.690688378978536244e-03
6.599999999999999645e+00,6.815099925980753690e-03
6.650000000000000355e+00,6.929267209474464922e-03
6.700000000000000178e+00,7.015425610658771426e-03
6.750000000000000000e+00,7.085418208734271632e-03
6.799999999999999822e+00,7.129059955588453075e-03
6.849999999999999645e+00,7.162131754256105889e-03
6.900000000000000355e+00,7.201243523316062760e-03
6.950000000000000178e+00,7.252139156180607837e-03
7.000000000000000000e+00,7.320207253886009888e-03
7.049999999999999822e+00,7.395173945225758452e-03
7.099999999999999645e+00,7.491635825314580527e-03
7.150000000000000355e+00,7.600148038490009937e-03
7.200000000000000178e+00,7.723819393042191499e-03
7.250000000000000000e+00,7.857735011102887079e-03
7.299999999999999822e+00,8.006099185788305775e-03
7.349999999999999645e+00,8.171310140636564232e-03
7.400000000000000355e+00,8.332553663952628475e-03
7.450000000000000178e+00,8.498564026646926103e-03
7.500000000000000000e+00,8.666173205033307278e-03
7.549999999999999822e+00,8.821258327165064361e-03
7.599999999999999645e+00,8.976343449296816240e-03
7.650000000000000355e+00,9.115706883789787343e-03
7.700000000000000178e+00,9.262827535159142214e-03
7.750000000000000000e+00,9.417912657290894093e-03
7.799999999999999822e+00,9.572642487046634924e-03
7.849999999999999645e+00,9.749459659511473461e-03
7.900000000000000355e+00,9.926632124352335190e-03
7.950000000000000178e+00,1.011881569207993999e-02
8.000000000000000000e+00,1.031058475203553045e-02
8.050000000000000711e+00,1.049803108808290697e-02
8.099999999999999645e+00,1.067677276091784019e-02
8.150000000000000355e+00,1.084213175425610687e-02
8.199999999999999289e+00,1.100316802368615440e-02
8.250000000000000000e+00,1.115070318282753575e-02
8.300000000000000711e+00,1.128373056994818983e-02
8.349999999999999645e+00,1.141512953367875526e-02
8.400000000000000355e+00,1.154652849740932762e-02
8.449999999999999289e+00,1.169678756476683762e-02
8.500000000000000000e+00,1.186380458919319286e-02
8.550000000000000711e+00,1.205814951887491070e-02
8.599999999999999645e+00,1.225770540340487963e-02
8.650000000000000355e+00,1.243236121391561901e-02
8.699999999999999289e+00,1.257178386380458819e-02
8.750000000000000000e+00,1.267283493708364420e-02
8.800000000000000711e+00,1.273415247964470795e-02
8.849999999999999645e+00,1.277338267949667053e-02
8.900000000000000355e+00,1.280201332346410197e-02
8.949999999999999289e+00,1.281915618060695816e-02
9.000000000000000000e+00,1.282013323464100719e-02
9.050000000000000711e+00,1.278975573649148746e-02
9.099999999999999645e+00,1.273296817172464915e-02
9.150000000000000355e+00,1.263967431532198038e-02
9.199999999999999289e+00,1.251150259067357676e-02
9.250000000000000000e+00,1.235721687638786405e-02
9.300000000000000711e+00,1.219108808290155291e-02
9.349999999999999645e+00,1.203088082901554619e-02
9.400000000000000355e+00,1.188393782383419424e-02
9.449999999999999289e+00,1.178116950407106026e-02
9.500000000000000000e+00,1.170273871206513848e-02
9.550000000000000711e+00,1.164512213175425415e-02
9.599999999999999645e+00,1.159934863064396825e-02
9.650000000000000355e+00,1.155949666913397636e-02
9.699999999999999289e+00,1.151964470762398447e-02
9.750000000000000000e+00,1.147387120651369510e-02
9.800000000000000711e+00,1.142809770540340400e-02
9.849999999999999645e+00,1.138232420429311637e-02
9.900000000000000355e+00,1.133655070318282700e-02
9.949999999999999289e+00,1.128997779422650193e-02
1.000000000000000000e+01,1.124500370096224999e-02
1.005000000000000071e+01,1.121027387120651295e-02
1.009999999999999964e+01,1.118738712065136913e-02
1.015000000000000036e+01,1.116802368615840181e-02
1.019999999999999929e+01,1.114753515914137898e-02
1.025000000000000000e+01,1.112464840858623169e-02
1.030000000000000071e+01,1.108879348630643739e-02
1.034999999999999964e+01,1.104894152479644551e-02
1.040000000000000036e+01,1.099724648408586213e-02
1.044999999999999929e+01,1.092905995558845177e-02
1.050000000000000000e+01,1.085655070318282747e-02
1.055000000000000071e+01,1.077989637305699390e-02
1.059999999999999964e+01,1.069939304219096922e-02
1.065000000000000036e+01,1.061888971132494454e-02
1.069999999999999929e+01,1.053838638045891986e-02
1.075000000000000000e+01,1.046957809030348019e-02
1.080000000000000071e+01,1.038922279792746026e-02
1.084999999999999964e+01,1.030871946706143731e-02
1.090000000000000036e+01,1.022821613619541263e-02
1.094999999999999929e+01,1.014513693560325711e-02
1.100000000000000000e+01,1.005358993338268184e-02
1.105000000000000071e+01,9.967964470762400581e-03
1.109999999999999964e+01,9.882339008142115855e-03
1.115000000000000036e+01,9.790792005921538851e-03
1.119999999999999929e+01,9.694744633604738052e-03
1.125000000000000000e+01,9.613619541080680592e-03
1.130000000000000071e+01,9.519052553663951560e-03
1.134999999999999964e+01,9.430525536639526585e-03
1.140000000000000036e+01,9.338978534418949581e-03
1.144999999999999929e+01,9.247431532198374313e-03
1.150000000000000000e+01,9.161806069578093056e-03
1.155000000000000071e+01,9.077276091783865672e-03
1.159999999999999964e+01,8.994581791265729778e-03
1.165000000000000036e+01,8.910851221317541565e-03
1.169999999999999929e+01,8.833575129533680417e-03
1.175000000000000000e+01,8.751443375277572281e-03
1.180000000000000071e+01,8.671739452257585037e-03
1.184999999999999964e+01,8.586143597335307159e-03
1.190000000000000036e+01,8.494566987416728512e-03
1.194999999999999929e+01,8.404589193190229943e-03
1.200000000000000000e+01,8.307920059215396363e-03
1.205000000000000071e+01,8.211250925240562784e-03
1.209999999999999964e+01,8.104692820133234041e-03
1.215000000000000036e+01,7.993071798667653743e-03
1.219999999999999929e+01,7.879437453737975564e-03
1.225000000000000000e+01,7.753515914137671695e-03
1.230000000000000071e+01,7.634404145077715483e-03
1.234999999999999964e+01,7.500962250185048800e-03
1.240000000000000036e+01,7.371606217616582038e-03
1.244999999999999929e+01,7.246128793486305425e-03
1.250000000000000000e+01,7.122131754256105785e-03
1.255000000000000071e+01,7.008378978534417561e-03
1.259999999999999964e+01,6.899185788304958156e-03
1.265000000000000036e+01,6.802516654330124576e-03
1.269999999999999929e+01,6.710051813471505297e-03
1.275000000000000000e+01,6.624426350851221439e-03
1.280000000000000071e+01,6.544011843079199954e-03
1.284999999999999964e+01,6.472746113989639484e-03
1.290000000000000036e+01,6.409000740192452236e-03
1.294999999999999929e+01,6.347268689859364606e-03
1.300000000000000000e+01,6.289859363434493512e-03
1.305000000000000071e+01,6.238164322723909264e-03
1.309999999999999964e+01,6.192390821613619027e-03
1.315000000000000036e+01,6.146617320503330525e-03
1.319999999999999929e+01,6.100843819393042891e-03
1.325000000000000000e+01,6.066913397483345884e-03
1.330000000000000071e+01,6.021139896373055647e-03
1.334999999999999964e+01,5.975366395262768013e-03
1.340000000000000036e+01,5.929592894152480378e-03
1.344999999999999929e+01,5.883819393042191877e-03
1.350000000000000000e+01,5.838045891931903375e-03
1.355000000000000071e+01,5.792272390821614873e-03
1.359999999999999964e+01,5.746498889711323770e-03
1.365000000000000036e+01,5.700725388601035268e-03
1.369999999999999929e+01,5.654951887490747633e-03
1.375000000000000000e+01,5.609178386380457397e-03
1.380000000000000071e+01,5.563404885270168895e-03
1.384999999999999964e+01,5.517631384159881261e-03
1.390000000000000036e+01,5.471857883049592759e-03
1.394999999999999929e+01,5.426084381939304258e-03
1.400000000000000000e+01,5.374389341228720009e-03
1.405000000000000071e+01,5.328615840118431507e-03
1.409999999999999964e+01,5.270999259807549776e-03
1.415000000000000036e+01,5.225225758697261275e-03
1.419999999999999929e+01,5.167609178386382146e-03
1.425000000000000000e+01,5.109992598075499548e-03
1.430000000000000071e+01,5.052376017764617817e-03
1.434999999999999964e+01,4.994759437453738689e-03
1.440000000000000036e+01,4.937142857142858693e-03
1.444999999999999929e+01,4.879615099925981025e-03
1.450000000000000000e+01,4.821909696521094364e-03
1.455000000000000071e+01,4.764293116210214368e-03
1.459999999999999964e+01,4.706676535899333505e-03
1.465000000000000036e+01,4.649059955588452642e-03
1.469999999999999929e+01,4.599615099925982893e-03
1.475000000000000000e+01,4.545669874167284144e-03
1.480000000000000071e+01,4.488053293856402413e-03
1.484999999999999964e+01,4.442279792746115646e-03
1.490000000000000036e+01,4.384663212435234783e-03
1.494999999999999929e+01,4.335129533678757502e-03
1.500000000000000000e+01,4.281273131014064551e-03
1.505000000000000071e+01,4.235499629903775182e-03
1.509999999999999964e+01,4.183804589193189198e-03
1.515000000000000036e+01,4.138031088082900696e-03
1.519999999999999929e+01,4.092257586972613929e-03
1.525000000000000000e+01,4.046484085862323693e-03
1.530000000000000071e+01,4.008882309400443704e-03
1.534999999999999964e+01,3.966780162842339919e-03
1.540000000000000036e+01,3.926928201332347164e-03
1.544999999999999929e+01,3.888763878608438550e-03
1.550000000000000000e+01,3.854034048852701937e-03
1.555000000000000071e+01,3.819304219096965759e-03
1.559999999999999964e+01,3.789785344189489352e-03
1.565000000000000036e+01,3.757276091783862994e-03
1.569999999999999929e+01,3.723345669874168155e-03
1.575000000000000000e+01,3.698149518874907851e-03
1.580000000000000071e+01,3.671354552183567904e-03
1.584999999999999964e+01,3.646454478164323169e-03
1.590000000000000036e+01,3.623567727609178484e-03
1.594999999999999929e+01,3.600680977054034233e-03
1.600000000000000000e+01,3.582531458179126493e-03
1.605000000000000071e+01,3.560829015544041912e-03
1.610000000000000142e+01,3.537942264988895927e-03
1.614999999999999858e+01,3.520977054034049158e-03
1.619999999999999929e+01,3.499629903774981697e-03
1.625000000000000000e+01,3.486306439674315399e-03
1.630000000000000071e+01,3.464159881569208333e-03
1.635000000000000142e+01,3.442131754256106107e-03
1.639999999999999858e+01,3.428571428571428395e-03
1.644999999999999929e+01,3.409800148038490044e-03
1.650000000000000000e+01,3.390377498149519005e-03
1.655000000000000071e+01,3.373412287194670935e-03
1.660000000000000142e+01,3.350525536639525383e-03
1.664999999999999858e+01,3.333560325684678614e-03
1.669999999999999929e+01,3.310673575129533929e-03
1.675000000000000000e+01,3.292376017764618839e-03
1.680000000000000071e+01,3.270821613619540307e-03
1.685000000000000142e+01,3.247934863064396056e-03
1.689999999999999858e+01,3.228778682457440676e-03
1.694999999999999929e+01,3.208082901554403735e-03
1.700000000000000000e+01,3.185196150999259485e-03
1.705000000000000071e+01,3.162309400444114800e-03
1.710000000000000142e+01,3.139422649888970983e-03
1.714999999999999858e+01,3.116535899333828033e-03
1.719999999999999929e+01,3.093649148778683348e-03
1.725000000000000000e+01,3.070762398223538230e-03
1.730000000000000071e+01,3.047875647668392678e-03
1.735000000000000142e+01,3.024988897113248427e-03
1.739999999999999858e+01,3.002102146558105478e-03
1.744999999999999929e+01,2.979215396002961227e-03
1.750000000000000000e+01,2.956328645447816542e-03
1.755000000000000071e+01,2.929800148038489652e-03
1.760000000000000142e+01,2.904633604737230559e-03
1.764999999999999858e+01,2.877868245743893556e-03
1.769999999999999929e+01,2.854182087342709267e-03
1.775000000000000000e+01,2.830051813471503360e-03
1.780000000000000071e+01,2.806809770540340254e-03
1.785000000000000142e+01,2.778356772760917377e-03
1.789999999999999858e+01,2.751502590673577178e-03
1.794999999999999929e+01,2.729415247964469930e-03
1.800000000000000000e+01,2.703774981495188443e-03
1.805000000000000071e+01,2.676535899333826879e-03
1.810000000000000142e+01,2.651310140636562330e-03
1.814999999999999858e+01,2.623271650629163329e-03
1.819999999999999929e+01,2.595292376017765013e-03
1.825000000000000000e+01,2.571576609918579080e-03
1.830000000000000071e+01,2.546262028127313070e-03
1.835000000000000142e+01,2.519881569207993530e-03
1.839999999999999858e+01,2.495099925980756670e-03
1.844999999999999929e+01,2.468186528497410149e-03
1.850000000000000000e+01,2.445299777942265464e-03
1.855000000000000071e+01,2.416994818652851238e-03
1.860000000000000142e+01,2.393604737231679481e-03
1.864999999999999858e+01,2.368615840118431116e-03
1.869999999999999929e+01,2.341909696521096533e-03
1.875000000000000000e+01,2.316802368615840726e-03
1.880000000000000071e+01,2.290214655810510549e-03
1.885000000000000142e+01,2.267327905255366299e-03
1.889999999999999858e+01,2.244441154700223783e-03
1.894999999999999929e+01,2.222531458179126396e-03
1.900000000000000000e+01,2.198667653589933112e-03
1.905000000000000071e+01,2.178356772760917538e-03
1.910000000000000142e+01,2.156269430051811591e-03
1.914999999999999858e+01,2.135928941524796974e-03
1.919999999999999929e+01,2.113989637305699679e-03
1.925000000000000000e+01,2.090155440414508473e-03
1.930000000000000071e+01,2.073190229459659535e-03
1.935000000000000142e+01,2.050303478904515284e-03
1.939999999999999858e+01,2.033338267949668515e-03
1.944999999999999929e+01,2.010451517394522530e-03
1.950000000000000000e+01,1.993486306439674026e-03
1.955000000000000071e+01,1.976521095484825522e-03
1.960000000000000142e+01,1.959555884529977018e-03
1.964999999999999858e+01,1.936994818652851714e-03
1.969999999999999929e+01,1.924500370096225146e-03
1.975000000000000000e+01,1.902738712065136411e-03
1.980000000000000071e+01,1.888971132494448495e-03
1.985000000000000142e+01,1.872331606217615902e-03
1.989999999999999858e+01,1.853441894892672061e-03
1.994999999999999929e+01,1.841598815692079916e-03
2.000000000000000000e+01,1.841598815692079916e-03
